city,mean_temp_celsius,max_temp_celsius,observation_count
Sanaa,22.13,29.4,775
Bujumbura,25.55,33.3,774
Malabo,26.86,33.4,774
Kyiv,12.27,37.2,774
Baghdad,28.83,49.1,774
Tashkent,22.36,42.3,774
Bern,11.07,32.6,774
Asmara,21.18,28.0,774
Tokyo,19.94,37.1,774
Amman,21.42,41.1,774
Valletta,21.76,36.3,774
Vatican City,18.47,37.7,774
Dakar,24.27,32.3,774
Accra,27.2,33.2,774
N'djamena,29.29,45.0,774
Kabul,19.27,36.3,774
Warsaw,11.73,35.2,774
Suva,24.84,79.3,774
Lusaka,23.62,37.4,773
Lilongwe,23.61,35.4,773
Colombo,30.24,34.3,773
Majuro,28.27,32.2,773
Port Vila,25.2,32.1,773
Pretoria,20.08,34.2,773
Beirut,23.04,33.1,773
Praia,23.85,31.3,773
Muscat,31.82,46.3,773
Belgrade,15.37,40.7,773
Singapore,29.98,35.2,773
Berlin,11.96,33.3,773
Budapest,14.18,37.1,773
Rome,18.49,37.7,773
Luanda,25.88,32.2,773
Sarajevo,12.89,37.2,773
Ljubljana,13.06,34.1,773
Madrid,15.76,38.7,773
Kigali,23.38,31.6,773
Bratislava,13.45,35.2,773
Funafuti,28.84,31.4,773
Seoul,16.97,36.4,773
Moscow,9.81,32.2,773
Gaborone,22.06,38.4,773
Helsinki,8.91,29.1,773
Yerevan,16.87,39.3,773
Kampala,25.03,32.8,773
Windhoek,21.05,35.1,773
Jakarta,30.33,34.4,773
Abu Dhabi,32.27,46.4,773
Abuja,26.96,39.4,773
Ouagadougou,27.88,41.5,773
Honiara,27.47,34.3,773
Nicosia,24.2,41.1,773
Maputo,25.22,37.3,773
Nairobi,21.28,28.4,773
Andorra La Vella,8.82,28.9,773
Amsterdam,12.42,29.7,773
Antananarivo,23.4,35.5,773
Manama,29.72,45.3,773
Moroni,26.67,32.4,773
Nan,30.53,39.3,773
Niamey,29.0,43.0,773
Port Moresby,26.92,31.4,773
Nouakchott,23.33,36.3,772
Hanoi,27.66,39.3,772
Porto-Novo,28.16,34.4,772
Dodoma,24.89,33.3,772
Kuala Lumpur,30.63,36.4,772
Jerusalem,23.1,39.0,772
Libreville,26.63,31.3,772
New Delhi,30.33,44.8,772
Dhaka,31.25,42.2,772
Damascus,21.45,42.3,772
Port Louis,26.7,33.2,772
Paris,13.34,36.8,772
Conakry,26.08,33.0,772
Copenhagen,10.89,27.2,772
Tallinn,9.21,32.3,772
Monrovia,25.82,33.0,772
Wellington,13.99,23.0,772
Vilnius,9.62,31.2,772
Vienna,12.95,35.5,772
Vaduz,10.1,29.4,772
Ulaanbaatar,4.54,34.3,772
Tirana,19.31,39.2,772
Ashgabat,22.82,42.5,772
Astana,9.29,35.0,772
Tehran,21.99,39.9,772
Montevideo,14.28,27.2,772
Minsk,9.88,32.4,772
Bamako,26.56,42.0,772
Baku,18.89,37.2,772
Bangkok,31.96,39.3,772
Bangui,27.61,37.9,772
Lisbon,16.87,34.1,772
Riga,9.91,32.1,772
Riyadh,30.73,46.3,772
Castries,27.03,31.2,772
Canberra,15.39,39.1,772
Kathmandu,23.18,32.4,772
Bissau,25.28,38.0,772
Bishkek,17.43,40.1,772
Sofia,13.75,37.3,772
Stockholm,9.9,28.2,772
Manila,30.48,37.1,771
Maseru,18.47,35.6,771
Kingstown,27.24,32.0,771
Mbabane,21.53,37.2,771
Laos,26.52,31.8,771
Oslo,8.08,26.2,771
Kuwait City,30.94,49.2,771
London,12.24,32.8,771
Mogadishu,28.78,33.3,771
Khartoum,31.47,44.2,771
Caracas,22.43,31.0,771
Yaren,17.81,40.3,771
Tunis,21.6,40.6,771
Algiers,20.2,38.2,771
Ankara,15.58,37.3,771
Thimphu,13.62,23.8,771
Tarawa,28.05,29.7,771
Bandar Seri Begawan,29.58,36.0,771
Basseterre,26.6,32.3,771
Bridgetown,27.0,33.0,771
Brussels,12.23,32.1,771
Bucharest,15.61,40.2,771
Buenos Aires,14.63,27.3,771
Ottawa,5.43,29.2,771
Cairo,25.28,42.4,771
Rabat,18.42,35.2,771
Dushanbe,22.67,43.2,771
Islamabad,28.62,45.0,771
Harare,22.43,34.8,771
Pyongyang,14.65,35.3,771
Podgorica,18.7,40.2,771
Doha,32.43,46.3,771
Prague,11.14,32.4,771
Santiago,10.96,23.2,770
Santo Domingo,23.94,32.0,770
Port Of Spain,25.16,32.0,770
Port-Au-Prince,21.32,32.3,770
Phnom Penh,32.06,39.9,770
Tbilisi,17.21,37.4,770
Paramaribo,24.35,32.0,770
Panama City,25.52,30.0,770
Victoria,28.86,33.4,770
Palikir,28.26,32.3,770
Luxembourg,10.92,30.5,770
Zagreb,14.18,38.8,770
Brazzaville,26.36,37.5,770
Beijing,18.54,38.3,770
Dublin,10.89,23.2,770
Djibouti,31.37,47.1,770
Juba,28.4,41.4,770
Kinshasa,26.25,37.8,770
Bogot,16.23,40.9,770
Freetown,25.87,31.2,770
Addis Ababa,19.52,29.4,770
Saint John's,26.31,31.4,769
San Marino,16.83,33.1,769
Havana,22.75,31.0,769
Dili,26.46,29.1,769
Nuku`Aloia,23.97,31.2,769
Athens,21.8,39.3,769
Monaco,17.92,33.3,769
Mexico City,14.74,23.0,769
Roseau,26.52,35.3,769
Georgetown,24.6,31.4,769
Banjul,24.73,36.4,769
Quito,10.44,18.9,768
Tegucigalpa,19.41,27.0,768
Belmopan,22.15,32.0,768
Lima,18.11,24.3,768
Sucre,11.78,18.9,767
Saint George's,27.07,32.0,767
Bras,24.08,33.3,767
National,22.45,32.9,767
Nassau,24.7,32.0,767
Apia,26.08,29.4,767
Skopje,16.63,41.4,767
Managua,24.51,31.3,767
San Salvador,23.52,30.0,766
Guatemala City,17.31,25.0,766
Washington Harbor,8.79,21.7,747
Dhidhdhoo,27.91,29.8,734
Chi Chi Khvar,16.92,36.8,729
Ivory,28.6,41.4,458
San Ignacio,19.37,25.2,439
'S Gravenjansdijk,14.26,32.2,431
Ngaoundere,25.39,33.3,424
Vestmannaeyjar,6.42,17.2,424
Yangon,30.52,38.4,424
Aurora,19.72,32.5,423
Port Royal,26.87,31.4,420
Ban Lom,26.34,40.0,411
Airai,28.06,31.3,371
Lom,11.76,35.1,359
Koror,28.93,31.4,338
Yamoussoukro,22.92,26.3,311
Rangoon,31.62,37.3,307
Kingston,26.27,30.0,298
Douala,25.47,28.3,288
Reykjavik,3.74,15.3,285
San Jose,18.95,24.1,284
'S-Gravenbrakel,9.77,27.2,220
Aguaray,23.3,32.6,178
Garrapata,20.52,28.2,94
S-Chanf,0.53,12.1,50
S. Manian,28.94,32.5,42
Chi-Chi-Erh,-12.49,12.2,41
Grindavik,8.89,13.0,36
Norman Gardens,30.33,33.0,36
Felidhoo,28.8,29.6,34
Abaer,7.68,10.4,26
San Andres,16.38,18.7,26
Pasto,22.35,32.3,25
Sartorio,18.91,28.1,25
Carreria,26.56,31.8,25
Adkip,26.51,28.6,20
Aakip,29.51,32.3,20
Bafoussam,22.68,25.8,18
Aba,19.34,20.7,16
Yaounde,29.79,32.0,16
'S Gravenstaffel,15.56,19.0,16
Washington Park,10.42,16.1,16
Meyungs,27.0,31.0,16
San Juan,23.75,27.0,16
Pathein,28.81,37.5,16
'S Gravenjansdyk,16.34,18.6,12
Bournemouth Gardens,27.97,28.3,11
Ninga,23.03,23.6,10
Yanngwa,33.21,35.0,10
Namawbin,29.06,37.4,8
Abazu,28.61,30.3,8
Achelap,29.82,32.1,6
Newport East,27.78,29.3,5
New York,21.63,26.1,3
Addis Abeba,19.0,19.8,2
Pristina,21.75,29.3,2
Vientiane,28.55,32.1,2
Nuku'alofa,23.05,23.7,2
Tripoli,26.35,27.0,2
Palau,26.65,27.2,2
Ho Chi Minh City,29.95,33.3,2
Grenada,25.2,28.2,2
Bogota,13.9,14.3,2
Sao Paulo,16.45,17.9,2
Mombasa,26.5,26.8,2
Male,28.55,28.8,2
Phnum Penh,29.85,33.4,2
Asuncion,15.0,16.3,2
Melbourne,11.9,12.2,2
Lome,27.1,27.9,2
Bali,28.9,29.3,2
Surabaya,29.95,32.2,2
Krasnyy Turkmenistan,37.8,37.8,1
Beijing Shi,24.3,24.3,1
Ivory Ivory Ban,24.3,24.3,1
-Kingdom,29.7,29.7,1
Mexico (Grupo Mexico),27.4,27.4,1
Costa Rica,23.1,23.1,1
Saint Petersburg,22.9,22.9,1
New Guatemala,15.9,15.9,1
City Of San Marino,31.3,31.3,1
Morocco City,40.3,40.3,1
Moldova,27.7,27.7,1
Ar Riyadh,45.0,45.0,1
Kiyabo,30.3,30.3,1
Kuwait,44.4,44.4,1
