style,task,phase,mean_tokens,mean_share,mean_share_pct
affiliative,long,Briefing,2672.0,0.0279,2.8
affiliative,long,Planning,21070.0,0.2201,22.0
affiliative,long,Coding,19500.0,0.2044,20.4
affiliative,long,Writing,21064.0,0.2207,22.1
affiliative,long,Review,10365.0,0.1086,10.9
affiliative,long,Revision,22620.0,0.2182,21.8
affiliative,short,Briefing,2294.0,0.0236,2.4
affiliative,short,Planning,17506.0,0.1803,18.0
affiliative,short,Coding,14488.0,0.1492,14.9
affiliative,short,Writing,15476.0,0.1593,15.9
affiliative,short,Review,7409.0,0.0762,7.6
affiliative,short,Revision,39976.0,0.4113,41.1
authoritative,long,Briefing,2815.0,0.0213,2.1
authoritative,long,Planning,23716.0,0.1803,18.0
authoritative,long,Coding,23043.0,0.1753,17.5
authoritative,long,Writing,24560.0,0.1866,18.7
authoritative,long,Review,12069.0,0.0914,9.1
authoritative,long,Revision,50596.0,0.3451,34.5
authoritative,short,Briefing,2515.0,0.0244,2.4
authoritative,short,Planning,19540.0,0.1899,19.0
authoritative,short,Coding,16212.0,0.1573,15.7
authoritative,short,Writing,17566.0,0.1703,17.0
authoritative,short,Review,8665.0,0.0839,8.4
authoritative,short,Revision,40911.0,0.3742,37.4
baseline,long,Briefing,2455.0,0.0209,2.1
baseline,long,Planning,23124.0,0.1993,19.9
baseline,long,Coding,42415.0,0.2677,26.8
baseline,long,Writing,30732.0,0.2328,23.3
baseline,long,Review,14838.0,0.1138,11.4
baseline,long,Revision,21476.0,0.1655,16.6
baseline,short,Briefing,2075.0,0.02,2.0
baseline,short,Planning,17940.0,0.1734,17.3
baseline,short,Coding,20259.0,0.192,19.2
baseline,short,Writing,18310.0,0.175,17.5
baseline,short,Review,9309.0,0.0884,8.8
baseline,short,Revision,40696.0,0.3512,35.1
coaching,long,Briefing,2859.0,0.0176,1.8
coaching,long,Planning,23748.0,0.1454,14.5
coaching,long,Coding,28247.0,0.1696,17.0
coaching,long,Writing,26829.0,0.1635,16.4
coaching,long,Review,13182.0,0.0805,8.0
coaching,long,Revision,79649.0,0.4234,42.3
coaching,short,Briefing,2548.0,0.0167,1.7
coaching,short,Planning,20562.0,0.1325,13.2
coaching,short,Coding,41706.0,0.2253,22.5
coaching,short,Writing,26886.0,0.1605,16.0
coaching,short,Review,12582.0,0.0754,7.5
coaching,short,Revision,60944.0,0.3896,39.0
coercive,long,Briefing,2469.0,0.0221,2.2
coercive,long,Planning,19111.0,0.172,17.2
coercive,long,Coding,23644.0,0.2133,21.3
coercive,long,Writing,21289.0,0.1922,19.2
coercive,long,Review,10936.0,0.0996,10.0
coercive,long,Revision,37773.0,0.3008,30.1
coercive,short,Briefing,2090.0,0.0232,2.3
coercive,short,Planning,16044.0,0.178,17.8
coercive,short,Coding,13480.0,0.1495,15.0
coercive,short,Writing,14285.0,0.1584,15.8
coercive,short,Review,6943.0,0.077,7.7
coercive,short,Revision,37306.0,0.414,41.4
democratic,long,Briefing,2465.0,0.0122,1.2
democratic,long,Planning,24688.0,0.1233,12.3
democratic,long,Coding,47067.0,0.2204,22.0
democratic,long,Writing,33421.0,0.1624,16.2
democratic,long,Review,15543.0,0.0757,7.6
democratic,long,Revision,83045.0,0.4059,40.6
democratic,short,Briefing,2239.0,0.0131,1.3
democratic,short,Planning,19255.0,0.1128,11.3
democratic,short,Coding,42610.0,0.2455,24.6
democratic,short,Writing,24177.0,0.1405,14.0
democratic,short,Review,11412.0,0.0664,6.6
democratic,short,Revision,78635.0,0.4218,42.2
pacesetting,long,Briefing,2513.0,0.0218,2.2
pacesetting,long,Planning,19920.0,0.172,17.2
pacesetting,long,Coding,20946.0,0.1817,18.2
pacesetting,long,Writing,22159.0,0.1918,19.2
pacesetting,long,Review,11292.0,0.0982,9.8
pacesetting,long,Revision,42882.0,0.3344,33.4
pacesetting,short,Briefing,2125.0,0.0233,2.3
pacesetting,short,Planning,15101.0,0.1643,16.4
pacesetting,short,Coding,23696.0,0.1831,18.3
pacesetting,short,Writing,17181.0,0.1646,16.5
pacesetting,short,Review,8172.0,0.0779,7.8
pacesetting,short,Revision,56168.0,0.3868,38.7
affiliative,pooled,Briefing,2483.0,0.0258,2.6
affiliative,pooled,Planning,19288.0,0.2002,20.0
affiliative,pooled,Coding,16994.0,0.1768,17.7
affiliative,pooled,Writing,18270.0,0.19,19.0
affiliative,pooled,Review,8887.0,0.0924,9.2
affiliative,pooled,Revision,31298.0,0.3148,31.5
authoritative,pooled,Briefing,2665.0,0.0229,2.3
authoritative,pooled,Planning,21628.0,0.1851,18.5
authoritative,pooled,Coding,19627.0,0.1663,16.6
authoritative,pooled,Writing,21063.0,0.1784,17.8
authoritative,pooled,Review,10367.0,0.0876,8.8
authoritative,pooled,Revision,45753.0,0.3596,36.0
baseline,pooled,Briefing,2265.0,0.0204,2.0
baseline,pooled,Planning,20532.0,0.1863,18.6
baseline,pooled,Coding,31337.0,0.2299,23.0
baseline,pooled,Writing,24521.0,0.2039,20.4
baseline,pooled,Review,12074.0,0.1011,10.1
baseline,pooled,Revision,31086.0,0.2584,25.8
coaching,pooled,Briefing,2704.0,0.0172,1.7
coaching,pooled,Planning,22155.0,0.139,13.9
coaching,pooled,Coding,34976.0,0.1974,19.7
coaching,pooled,Writing,26858.0,0.162,16.2
coaching,pooled,Review,12882.0,0.0779,7.8
coaching,pooled,Revision,70296.0,0.4065,40.6
coercive,pooled,Briefing,2280.0,0.0227,2.3
coercive,pooled,Planning,17578.0,0.175,17.5
coercive,pooled,Coding,18562.0,0.1814,18.1
coercive,pooled,Writing,17787.0,0.1753,17.5
coercive,pooled,Review,8940.0,0.0883,8.8
coercive,pooled,Revision,37540.0,0.3574,35.7
democratic,pooled,Briefing,2352.0,0.0127,1.3
democratic,pooled,Planning,21971.0,0.118,11.8
democratic,pooled,Coding,44838.0,0.233,23.3
democratic,pooled,Writing,28799.0,0.1515,15.2
democratic,pooled,Review,13478.0,0.071,7.1
democratic,pooled,Revision,80840.0,0.4138,41.4
pacesetting,pooled,Briefing,2319.0,0.0225,2.2
pacesetting,pooled,Planning,17510.0,0.1682,16.8
pacesetting,pooled,Coding,22321.0,0.1824,18.2
pacesetting,pooled,Writing,19670.0,0.1782,17.8
pacesetting,pooled,Review,9732.0,0.0881,8.8
pacesetting,pooled,Revision,49525.0,0.3606,36.1
